RESE_ID,RESE_FINALIDADE,RESE_AMBI_ID,RESE_COMPLEMENTO_AMBIENTE,RESE_USUA_ID_SOLICITANTE,RESE_QTD_PARTICIPANTES,RESE_DT_CANCELAMENTO,RESE_USUA_ID_CANCELADOR,RESE_DT_ULTIMA_EDICAO,RESE_DISP_ID,RESE_NR_SNP_TIC
17325,Audiência/reunião administrativa para instruir o IC 1.15.000.002538/2025-37. ,3,,2735,5,,,29/09/2026 12:27:37,,2121732
17305,Reunião de correição ordinária presencial na PR-CE.,3,,952,18,,,24/09/2026 11:22:41,,2119731
17285,"Treinamento de Uso de Bastão Retrátil e Algemas à Luz dos Direitos Humanos.
Assim, solicito o retroprojetor, som, passador de slides e uma pessoa que possa preparar os referidos equipamentos para a aula. Obrigado.
Obs.: Será preciso montar tatame para as aulas práticas dos dias 07, 15 e 22 de outubro de 2026. ",1,,244,1,,,29/09/2026 13:30:27,1,2121822
17265,Reunião designada para instruir o IC 1.15.000.002129/2025-31.,3,,2735,7,,,18/09/2026 13:09:26,,2117195
17245,"Reunião híbrida com MPCE e Air Hubs, referente ao caso da Floresta do Aeroporto de Fortaleza.",3,,1417,4,,,17/09/2026 12:28:57,,2116507
17226," oitivas nos autos do PGEA nº 1.00.000.004939/2025-54. 
",7,,5475,1,,,17/09/2026 12:48:50,,
17225,"Reunião híbrida com MPCE e Air Hubs, referente ao caso da Floresta do Aeroporto de Fortaleza.",3,,1417,4,17/09/2026 12:27:25,1417,17/09/2026 10:31:48,,2116401
17206,Reunião acerca do procedimento  1.15.000.001633/2025-13,5,,269,20,,,15/09/2026 11:34:28,,2115200
17205,Reunião acerca do procedimento  1.15.000.001911/2024-51,3,,269,4,,,15/09/2026 11:26:05,,2115195
17185,Reunião para instruir IC nº 1.15.000.002029/2026-95.,3,,2735,4,,,14/09/2026 11:40:43,,2114529
17165,Montagem do laboratório do curso Ciclo de Capacitação XXXXX,6,,328,1,,,09/09/2026 15:12:44,,2112830
17145,No âmbito da obra de reforma da fachada do edifício-sede da PR/CE (CONTRATO PR/CE Nº 07/2024),7,,3315,8,,,09/09/2026 15:09:42,,
17125,Reunião Correição.,3,,768,15,24/09/2026 11:35:15,768,08/09/2026 15:20:41,,2112179
17105,Reunião referente ao procedimento nº 1.15.000.001563/2024-12.,5,,626,20,,,03/09/2026 17:18:38,,
17085,Recadastramento de aposentados.,1,,5415,40,,,14/09/2026 15:44:07,,2114848
17065,Reunião GT Beira Mar  Dr. XYZ,3,,768,10,,,01/09/2026 09:01:34,,
17045,Reunião com associados da ASMPF/CE,5,,604,20,,,31/08/2026 13:18:09,,
17026,"Ciclo de Capacitação Fausto Arantes Porto - Módulos: ""Perícia e GeoRadar""",6,,347,20,,,28/08/2026 16:41:27,,2107501
17025,"Ciclo de Capacitação Fausto Arantes Porto - Módulo: ""Pesquisas e Provas Eletrônicas""",6,,347,20,,,28/08/2026 16:36:17,2,2107492
17005,"Reunião GT BEIRA MAR
Dr. XYZ",5,,952,10,02/09/2026 13:04:42,952,28/08/2026 10:10:08,,
16985,Preparação do auditório para os eventos que terão transmissão por videoconferência (Curso Cojud e reunião da Procuradora Chefe com os servidores),1,,380,1,,,21/08/2026 13:45:56,,2098186
16965,Realização de JUNTA MÉDICA OFICIAL.,7,,5415,1,,,20/08/2026 13:41:55,,
16946,Realização de JUNTA MÉDICA OFICIAL.,7,,5415,1,,,20/08/2026 13:42:48,,
16945,Realização de JUNTA MÉDICA OFICIAL.,7,,5415,1,,,20/08/2026 13:40:15,,
16925,Reunião com Planassiste ,3,,768,5,,,08/09/2026 11:04:37,,2095522
16905,Reunião referente ao PA 1.15.003.000045/2019-94.,3,,1417,5,,,19/08/2026 12:22:34,,2095538
16885,Audiência para instrução do IC 1.15.000.001361/2025-51.,3,,2735,6,,,17/08/2026 15:47:52,,2093342
16865,"Reunião do setor
Favor instalar caixa de som",,Sala 104 - NUCRIM,380,5,,,12/08/2026 10:29:46,,2086938
16845,Procedimento  1.15.005.000041/2019-96,3,,269,10,,,07/08/2026 15:38:26,,2085054
16825,Ação de capacitação: Correições Ordinárias CMPF - Boas práticas e acompanhamento permanente do Ofício,1,,38,40,,,07/08/2026 09:28:12,1,2084172
16805,Reunião com associados da ASMPF/CE - Informações sobre ações judiciais,5,,604,20,07/08/2026 13:12:45,380,06/08/2026 13:51:39,,2082976
16787,ANPP XYZ. AÇÃO PENAL 0800746-54.2024.4.05.8102.,3,,2735,4,,,05/08/2026 15:26:27,,2081203
16786,Encontro Procuradora-chefe e servidores.,1,,952,40,,,26/08/2026 11:26:53,,2103026
16785,NF - 1.15.000.000949/2026-79 DNIT,3,,2735,5,,,05/08/2026 11:53:53,,2080799
16765,REUNIÃO DA BRIGADA DE INCÊNDIO,5,,24,15,,,03/08/2026 13:26:37,1,
16745,Encontro ASMPF/CE com Procuradora Chefe,1,,380,50,03/08/2026 16:35:40,380,31/07/2026 10:50:17,3,
16725,Reunião no Âmbito do Contrato PR/CE nº 07/2024 ¿ Obra de Reforma da Fachada da Procuradoria da República no Ceará (PR/CE),7,,3315,8,,,29/07/2026 16:10:14,,
16705,Audiência referente ao PP 1.15.000.000608/2026-01.,5,,266,15,,,27/07/2026 13:40:22,,
16685,Audiência referente à NF 1.15.000.000608/2026-01.,5,,626,15,21/07/2026 16:03:15,380,16/07/2026 14:57:43,,
16665,Audiência para PP de N° 2506,3,,4916,6,,,16/07/2026 09:48:12,,2068821
16645,Audiência de PP N° 2506,28,,4916,6,16/07/2026 09:41:21,4916,16/07/2026 09:39:24,,2068819
16626,"Audiência para propositura e formalização de ANPP. Ação penal nº 0802300-89.2022.4.05.8103. Ocupação irregular em APP, às margens do Açude Cachoeira.",3,,2735,2,,,15/07/2026 15:01:44,,2068449
16625,Verificar medição referente a obra de reforma da Fachada da PRCE,7,,3315,2,,,15/07/2026 13:13:26,,
16605,Reunião GAECO - SRPF - 2ºOfício - 11ºOfício - 1º Ofício PRM/SBL,3,,103,10,,,12/07/2026 12:23:24,,2066811
16585,Audiência para instrução da NF 1.15.000.000453/2026-03. ,3,,2735,5,,,30/06/2026 10:11:09,,2060830
16565,"Audiência extrajudicial para tratar da temática da Notícia de Fato 1.15.000.000449/2026-37,na data de 14.7.2026, às 11 h, para oitiva do prefeito de Meruoca, procurador-geral e secretária de Educação do referido município.",3,,958,4,,,23/06/2026 12:02:23,,2058393
16545,"Reunião no âmbito do Contrato PR/CE nº 07/2024, referente à obra de reforma da fachada da Procuradoria da República no Estado do Ceará (PR/CE).",7,,3315,9,,,17/06/2026 15:31:36,,
16525,Audiência da NF N° 1.15.000.000453/2026-03,3,,4916,10,,,03/06/2026 13:52:45,,2050029
16505,Reunião com o DNIT e empresa - Notícia de Fato nº 1.15.000.000949/2026-79.,3,,958,5,,,02/06/2026 16:50:47,,2049574
16485,Audiência para NF° 1.15.000.000457/2026-83.,3,,4916,8,,,02/06/2026 11:41:28,,2049079
16465,"Audiência com os representantes, de representante do Instituto AOCP e do reitor do IFCE para comparecimento no dia 3 de junho de 2026, às 14:00 horas para tratar dos assuntos abordados na Notícia de Fato nº 1.15.000.000969/2026-40. ",3,,958,90,,,29/05/2026 11:01:54,,2047440
16445,Reunião acerca do procedimento  1.15.000.002567/2025-07 ,3,,269,10,,,28/05/2026 15:03:40,,2047155
16425,Reunião acerca do procedimento  1.15.000.000704/2026-41,3,,269,12,,,26/05/2026 10:57:09,,2045401
16405,Reunião com  IBAMA e com o vereador XYZ para tratar do IC 1.15.000.002333/2025-51.,3,,1417,5,,,26/05/2026 10:38:12,,2045386
16386,Reunião com agentes do IBAMA e com o vereador XYZ para esclarecimentos adicionais sobre o IC 1.15.000.002333/2025-51.,3,,2735,3,27/05/2026 15:34:46,2735,25/05/2026 13:58:03,,2044872
16385,Reunião,7,,42,1,,,25/05/2026 08:50:22,,
16365,Teste de equipamentos de audio e video,6,,328,1,,,22/05/2026 17:01:55,,2044312
16345,Esta reserva é apenas um teste. Favor ignorar.,,Teste de reserva,181,1,,,20/05/2026 12:21:09,,2042546
16325,Teste. Favor ignorar,7,,380,1,20/05/2026 09:46:13,380,20/05/2026 09:44:50,,
16307,"Montagem de ambiente de testes de som e imagem

Obs.: Será necessário instalar 2 mesas móveis brancas",6,,328,1,,,18/05/2026 16:40:53,,
16306,Reunião,7,,42,1,,,18/05/2026 14:35:19,,
16305,Reunião,7,,42,1,,,18/05/2026 14:32:53,,
16285,PGEA 1.00.000.004939/2025-54,3,,347,4,,,15/05/2026 10:55:01,,
16265,Reunião Nova Serviços,7,,853,4,,,14/05/2026 13:52:13,,
16245,Reunião Dr. XYZ.,3,,768,6,,,11/05/2026 09:44:29,,
16225,Reunião Dr. XYZ.,3,,952,5,,,08/05/2026 11:41:38,,
16208,Junta médica,7,,27,4,,,07/05/2026 14:10:29,,
16207,Junta médica,7,,27,4,,,07/05/2026 14:09:43,,
16206,Junta médica,7,,27,4,,,07/05/2026 14:08:38,,
16205,Junta médica,7,,27,4,,,07/05/2026 14:07:43,,
16185,Seleção de Estágio,7,,347,1,,,05/05/2026 11:21:18,,
16165,Reunião para discussão com a parte executada e com os órgãos competentes (Município e SPU) para viabilizar meios de cumprimento da sentença exarada no bojo do processo nº 0000553-95.2012.4.05.8101.,3,,2735,4,,,04/05/2026 11:35:25,,
16145,Reunião IPL 0800904-48.2020.4.05.8103  - comunidade de Tatajuba,7,,1417,7,,,29/04/2026 12:51:04,,
16125,"Organização para recebimento de reunião de Implementação pela PGR dos Núcleos de QVT.
Necessário a instalação das réguas para utilização de 5 notebooks.",3,,27,1,,,28/04/2026 11:25:15,,
16105,Acerca do procedimento   1.15.000.000791/2026-37,3,,269,10,,,23/04/2026 17:32:05,,2029497
16085,Acerca do procedimento  1.15.000.000480/2025-97  (PRDC),5,,269,10,,,23/04/2026 10:30:38,,2028995
16065,"Apresentar ferramenta Verificact para uso nas eleições 2026. Será necessário apresentar para servidor XYZ na PRM-Juazeiro via zoom, favor ptovidenciar a estrutura necessária para a transmissão.",,sala 301,243,1,,,23/04/2026 09:38:44,,2028962
16046,Reunião com DPU - processo judicial 0800904-48.2020.4.05.8103.,3,,1417,5,,,22/04/2026 15:32:38,,2028665
16045,Reunião - Procurador Regional da República Dr. XYZ.,3,,952,10,,,22/04/2026 13:14:01,,2028390
16025,Audiência extrajudicial para instruir o IC 1.15.000.002503/2025-06. ,3,,2735,7,,,16/04/2026 14:39:21,,2026944
16005,Reunião IC 1.15.000.002333/2025-51 - Floresta do Aeroporto.,3,,1417,7,,,15/04/2026 15:13:31,,2026324
15985,Audiência para instrução do IC 1.15.000.002129/2025-31.,3,,2735,4,,,14/04/2026 10:50:29,,2025310
15965,Reunião no curso do PGEA - 1.15.000.000396/2026-54,7,,347,1,,,11/04/2026 12:56:30,,
15947,Reunião no interesse do PGEA - 1.15.000.000396/2026-54,7,,347,1,,,11/04/2026 10:26:26,,
15946,"Implementação pela PGR dos  Núcleos de QVT.
Solicita disponibilização de réguas para colocação de notebooks dos participantes.",3,,27,7,,,28/04/2026 16:25:40,,2031242
15945,"Implementação pela PGR dos  Núcleos de QVT.
Solicita disponibilização de réguas para colocação de notebooks dos participantes.",3,,27,7,,,28/04/2026 16:25:20,,2031241
15925,"Implementação pela PGR dos  Núcleos de QVT.
Solicita disponibilização de réguas para colocação de notebooks dos participantes.",3,,27,7,,,28/04/2026 16:24:50,,2031238
15907,Reunião com o promotor de justiça do Ministério Público Estadual sobre o Inquérito Civil nº 1.15.000.002333/2025-51.,3,,958,5,,,09/04/2026 17:22:58,,2023842
15906,"Reunião designada para instruir procedimento instaurado para apurar aplicação de recursos públicos federais destinados à retomada de obra educacional no Município de Bela Cruz/CE, objeto do Convênio PAC2 nº 5808/2013, conforme informações repassadas pelo GTI Proinfância no Ofício-Circular nº 15/2025/1ª CCR/MPF. IC 1.15.000.000616/2025-69.",3,,2735,6,,,09/04/2026 16:02:42,,2023756
15905,Reunião referente ao PA nº 1.15.000.001563/2024-12.,3,,626,10,,,09/04/2026 13:34:43,,2023505
15885,Apresentar ferramenta Verificact para uso nas eleições 2026. Será necessário apresentar para servidor XYZ na PRM-Juazeiro via zoom.,,sala 301,243,1,,,07/04/2026 11:07:31,,2021701
15866,Reunião com MPCE - IC nº 1.15.000.002333/2025-51.,3,,1417,5,,,06/04/2026 12:04:16,,2020843
15865,Reunião com os associados da ASMPF - Núcleo Ceará,5,,604,30,,,06/04/2026 10:43:47,,
15845,Procedimento 1.15.000.000480/2025-97,3,,269,10,16/04/2026 16:21:14,269,31/03/2026 12:02:11,,2019808
15825,Reunião relativa ao IC 1.15.000.001690/2025-01.,3,,1417,7,,,27/03/2026 10:17:13,,2018352
15806,Reunião,3,,298,30,,,26/03/2026 15:19:14,,
15805,"Oitiva dos Srs. XYZ, às 09:30h; e de ABC, às 10H30.
Também se farão presentes os auditores da CGU. ",3,,2735,5,,,26/03/2026 11:30:00,,2017676
15785,PGEA nº 1.00.000.0045939/2025-54,7,,328,1,,,23/03/2026 15:45:43,,2016030
15765,Acerca do procedimento  1.15.000.001852/2025-01 (PRDC),3,,269,10,16/04/2026 14:06:02,269,18/03/2026 13:32:50,,2013731
15747,Ambiente está sendo utilizado para a guarda do acervo bibliográfico. PGEA 1.15.000.003049/2024-11.,6,,853,1,,,17/03/2026 13:47:28,,
15746,Reunião PR-CE com os colaboradores da VR Serviços.,5,,853,30,,,17/03/2026 13:23:24,,2012831
15745,Reunião com o Promotor de Justiça XYZ para discussão do objeto do IC 1.15.000.002333/2025-51.,3,,2735,3,,,17/03/2026 11:34:34,,2012684
15725,"Reunião entre a empresa VR Construções e Serviços Ltda, seus colaboradores e integrantes da PR/CE.",5,,276,25,,,11/03/2026 11:44:47,,2009703
15705,"Reunião com o médico responsável pelo programa de residência de anestesiologia do ICC, Dr. XYZ, designada para 11h, e com o preceptor do Programa de Residência Médica em Anestesiologia, Dr. ABC, às 11h30. A CGU também comparecerá ao ato.

A audiência visa a instruir o IC 1.15.000.002129/2025-31",3,,2735,5,,,17/03/2026 11:40:43,,2009282
15686,Reuniões às 11:00 e às 14:00 referentes ao IC 1.15.000.002129/2025-31.,3,,1417,5,,,09/03/2026 13:05:48,,2008354
15685,REUNIÃO com ASTEF (contratação direta sem licitação da ASTEF e UFC pelo Município de Fortaleza/CE). PA. 1.15.000.000600/2025-56. Presencial. PRCE.,3,,253,10,,,09/03/2026 11:41:59,,2008262
15665,Manutenção corretiva do ar-condicionado.,7,,945,1,,,06/03/2026 12:28:17,,
15645,Reunião para propositura de ANPP e explicação das condições estipuladas ao investigado. NF 1.15.000.000500/2026-19,3,,2735,3,,,04/03/2026 16:03:44,,2006441
15625,Reunião referente à ACP  011152-18.2025.4.05.8108.,3,,626,6,,,03/03/2026 11:45:28,,
15606,REUNIÃO com ASTEF (contratação direta sem licitação da ASTEF e UFC pelo Município de Fortaleza/CE). PA. 1.15.000.000600/2025-56. Presencial. PRCE. ,3,,253,10,,,02/03/2026 11:33:46,,2004391
15605,REUNIÃO acerca da situação Mercado dos peixes. Requalificação da Av. Beira-Mar - PA 1.15.000.003157/2019-27. Presencial. PRCE. ,3,,253,10,,,02/03/2026 11:32:23,,2004369
15585,"Reunião solicitada pelo Escritório de Direitos Humanos com representantes do Ministério Público do Trabalho e da Defensoria Pública da União, para tratar de problemas afetos ao PA nº 1.15.003.000045/2019-94.",3,,958,5,,,27/02/2026 16:09:36,,2003988
15566,Reunião acerca do procedimento  1.15.005.000192/2018-63,3,,269,10,,,10/03/2026 17:28:02,,2002408
15565,Audiência extrajudicial para instruir a Notícia de Fato nº 1.15.000.000227/2026-14 - oitiva do Presidente do Conselho Regional de Psicologia da 11ª Região e de representante do Conselho de Ética da referida autarquia profissional.,3,,958,5,10/03/2026 12:09:42,958,25/02/2026 14:45:45,,2002292
15545,Audiência extrajudicial para instruir a Notícia de Fato nº 1.15.000.000227/2026-14 - oitiva do Presidente do Conselho Regional de Psicologia da 11ª Região e do Conselho de Ética da referida autarquia profissional.,3,,958,5,25/02/2026 15:26:26,958,24/02/2026 12:38:12,,2001384
15525,Audiências referentes às NFs 1.15.000.000116/2026-16 e 1.15.000.000117/2026-52.,3,,1417,3,,,23/02/2026 15:56:03,,2001010
15505,Reunião referente ao PIC 1.15.000.003370/2023-15.,3,,2735,3,,,23/02/2026 11:47:40,,2000641
15486,Ref. IC 1.16.000.001948/2025-23.,3,,626,10,,,19/02/2026 16:36:31,,1999533
15485,Reunião referente ao PA n° 1.15.000.000042/2026-18,3,,4916,3,,,19/02/2026 12:28:44,,1999156
15465,Reunião referente ao PIC 1.15.000.003370/2023-15.,3,,2735,5,,,19/02/2026 10:49:03,,1999043
15445,Reunião referente ao IC 1.16.000.001948/2025-23.,3,,626,10,,,12/02/2026 15:34:14,,
15425,"Guarda temporária do acervo bibliográfico. PGEA 1.15.000.003049/2024-11 - Procedimento de Gestão Administrativa (PGEA) para avaliação, seleção e destinação dos acervos bibliográficos, conforme a ORIENTAÇÃO TÉCNICA CONAC Nº 1/2024.",6,,853,1,,,11/02/2026 17:38:09,,
15405,"Audiência extrajudicial para ouvir o vereador Gabriel Aguiar, referente ao inquérito civil nº 1.15.000.002333/2025-51.",3,,1417,5,,,11/02/2026 09:38:50,,1996596
15385,Reunião com representantes do ICC e da CGU no bojo do IC 1.15.000.002129/2025-31.,3,,2735,3,,,10/02/2026 11:51:48,,1995983
15365,"Reunião entre representantes da PR/CE e representantes da Empresa XYZ Ltda para apresentação do plano de fiscalização, nos termos do item 9.5 do Contrato PR/CE nº 01/206.",3,,945,7,,,05/02/2026 09:26:38,,
15345,Reunião do NUCRIM.,3,,952,11,,,04/02/2026 11:39:08,,
15325,Reserva realizada a pedido do servidor ABC (Gab. Dr. ABC),3,,328,1,03/02/2026 11:03:59,328,30/01/2026 17:15:42,,
15305,Ref. IC 1.15.000.004066/2023-95.,3,,626,1,27/01/2026 14:15:34,626,27/01/2026 14:14:47,,1988603
15285,Reunião no interesse 1.15.000.002786/2023-16.,3,,298,8,,,23/01/2026 12:24:48,,1987162
15265,Reserva de sala para realização de reunião no âmbito do procedimento n. 1.15.000.002798/2025-11.,3,,2468,5,,,23/01/2026 10:11:02,,1987028
15245,"Reunião sobre o procedimento 1.15.000.001852/2025-01

1- Secretário-Executivo do MDHC

2- Secretária Nacional dos Direitos da Pessoa com Deficiência (SNDPD)

3- Representantes do Ministério dos Transportes e da Diretoria-Geral da ANTT",3,,269,16,,,22/01/2026 09:25:41,,1986412
15225,"Audiência extrajudicial para tratar do objeto do procedimento 1.15.000.000051/2026-09

Obs.: reserva realizada a pedido da servidora ABC (Gab. Dra. XYZ)",3,,328,16,,,21/01/2026 14:51:45,6,1986169
15205,Junta médica,7,,27,4,,,20/01/2026 16:27:37,,1985650
15186,Junta médica,7,,27,4,,,06/03/2026 08:21:27,,1985647
15185,Junta médica,7,,27,4,,,20/01/2026 16:25:37,,1985646
15165,REUNIÃO - IC 1.15.000.002129/2025-31.,3,,1417,5,,,19/01/2026 12:01:01,,1984613
15145,"REUNIÃO - 22/01, 10h. Tratar de assuntos relacionados a empresa DELFA - IC 1.15.000.002195/2023-49.",3,,253,8,,,19/01/2026 12:13:57,,1984602
15125,"Reunião a ser realizada no dia 20 de janeiro, as 10:00h., na sala de reuniões da Procuradoria da República, com o
objetivo de tratar sobre a fiscalização da orla da Beira-mar.",3,,882,20,,,15/01/2026 13:14:59,,1983603
15105,"Audiência extrajudicial para ouvir o vereador XYZ e fiscais do Ibama, referente o inquérito civil n. 1.15.000.002333/2025-51.",3,,958,5,,,13/01/2026 19:00:17,,1982807
15085,"Audiência extrajudicial às 10:30 horas na sala de reuniões do 9º andar, referente ao Procedimento Investigatório Criminal nº 1.15.000.003370/2023-15, para ouvir os representantes do Município de Aracati, Ibama e SPU.",3,,958,5,,,09/01/2026 16:21:31,,1981236
15065,"Reunião orientativa sobre a execução dos serviços de modernização dos dois elevadores do
edifício-sede da Procuradoria da República.",7,,945,6,,,09/01/2026 10:21:58,,
15045,Reunião - 1.15.000.002747/2025-81,3,,2735,4,,,08/01/2026 14:29:50,,1980319
15025,"Acondicionamento temporário do acervo bibliográfico, enquanto perdurar o processo de desfazimento em curso, de modo a preservar os materiais e evitar o manuseio indevido.",6,,853,1,,,07/01/2026 12:00:34,,
15005,AUDIÊNCIA EXTRAJUDICIAL - FLORESTA AEROPORTO - IC 1.15.000.002333/2025-51.,3,,1417,8,,,18/12/2025 15:43:45,,1976263
14986,Ref. 1.15.000.004066/2023-95. Caixa de som.,7,,626,6,,,16/12/2025 14:04:43,,1975058
14985,Ref. PA 1.15.000.001563/2024-12,3,,626,10,,,16/12/2025 11:53:39,,1974924
14966,Reunião para discussão do IC - 1.15.000.002742/2022-13. Barracas da Parai do Futuro.,3,,2735,3,,,15/12/2025 10:57:59,,1974182
14965,"Acerca do procedimento 1.15.000.000840/2024-70

Obs.: A reunião será a partir das 14:00, com o término combinado com o Membro da reunião posterior (15:00). Foi registrado a partir das 13:00 porque o sistema não aceitou reservar às 14:00.",3,,269,7,,,15/12/2025 09:59:21,,1974141
14945,Reunião do GT da BM ,5,,298,20,,,10/12/2025 14:48:49,,1972623
14927,Reunião no interesse do GT da Beira-mar,5,,298,20,12/12/2025 12:29:44,298,09/12/2025 15:48:40,,1971954
14926,Reunião no interesse do procedimento nº 1.15.000.001324/2025-43.,3,,298,12,,,09/12/2025 15:17:14,,1971902
14925,"Audiência extrajudicial designada para o dia 4 de fevereiro de 2026, às 10:30 horas, no interesse da Notícia de Fato nº 1.15.000.002845/2025-18",3,,958,10,,,09/12/2025 12:50:50,,1971618
14906,Reunião no interesse do procedimento 1.15.000.000600/2025-56 ,3,,298,12,,,04/12/2025 11:23:16,,1970089
14905,Reunião no interesse do procedimento 1.15.000.001324/2025-43.,3,,298,10,,,04/12/2025 11:14:05,,1970082
14885,"Reserva a pedido do Secretário Estadual, para 15 horas.",7,,380,1,,,03/12/2025 14:18:25,,
14865,"Audiência na data de 9 de dezembro de 2025, às 11h, para ouvir representantes da Superintendência do Patrimônio da União no Ceará e representantes da Barraca XYZ, no âmbito do Procedimento Administrativo nº 1.15.000.002742/2022-13.",3,,958,6,,,03/12/2025 12:20:17,,1969507
14845,reuniao ASTEF,3,,882,1,,,02/12/2025 14:37:49,,
14826,"PGEA 1.15.000.003049/2024-11

Avaliação do acervo bibliográfico.",6,,853,1,,,01/12/2025 16:38:20,,
14825,"PGEA 1.15.000.003049/2024-11

Avaliação do acervo bibliográfico.",6,,853,1,,,01/12/2025 16:34:08,,
14805,Reunião para tratar de procedimento administrativo envolvendo Astef.,3,,882,10,02/12/2025 14:36:08,882,27/11/2025 11:33:39,,1966693
14785,Reunião para tratar de procedimento administrativo envolvendo ASTEF.,3,,882,10,27/11/2025 11:29:50,882,27/11/2025 11:29:45,,1966702
14766,"PGEA 1.15.000.003049/2024-11

Avaliação do acervo bibliográfico.",6,,853,1,,,24/11/2025 12:09:59,,1964683
14765,"Palestra sobre enfrentamento da violência contra as mulheres. A atividade tem por finalidade apresentar informações atualizadas sobre o tema e capacitar os participantes na identificação e prevenção de situações de violência.
Conforme SNP 1965976 e e-mail enviado pela Coordenadoria de Administração",5,,945,35,,,26/11/2025 10:35:11,,1966069
14745,Oitivas do PGEA nº 1.00.000.004939/2025-54,7,,328,1,,,21/11/2025 13:53:50,,1964398
14725,"REUNIÃO para tratar sobre a análise da adequação do Plano de Manejo da RPPN XYZ aos objetivos de conservação da unidade e às normas ambientais, com a reavaliação do cumprimento das cláusulas do TAC. PA 2786/2023-16. Presencial. PRCE - 9º Andar.",3,,253,10,,,14/11/2025 11:57:58,,1961817
14706,Reunião no âmbito da reforma da fachada na PR-CE,7,,3315,8,,,05/11/2025 13:47:53,,
14705,"REUNIÃO no interesse do IC nº 1.16.000.001948/2025-23 - representação em face da autorização e do avanço de empreendimentos de instalação de um mega data center, em Caucaia/CE, conduzido pela empresa XYZ e vinculado à plataforma de rede social TikTok (ByteDance).

",5,,253,10,,,05/11/2025 12:50:49,,1956661
14685,Reunião no interesse do procedimento 3157. ,5,,298,12,,,04/11/2025 11:34:44,,1955690
14665,Curso de brigadista a ser realizado em observância das normas vigentes.,1,,24,25,,,03/11/2025 08:56:12,,1954447
14646,"IC 1.15.000.002006/2024-19 (reunião híbrida), com participação de representantes da CAGECE e do Município de Mucambo/CE",3,,2735,2,,,29/10/2025 14:09:01,,1951774
14645,"IC 1.15.000.002574/2025-09 (reunião híbrida), com participação do Sr. XYZ",3,,2735,2,,,29/10/2025 14:06:24,,1951797
14626,"Audiência 06/11/2025, às 11:00h - NF 1.15.000.002379/2025-71 (XYZ).",3,,2735,2,27/10/2025 09:19:13,2735,27/10/2025 09:17:37,,1950066
14625,"Audiência 06/11/2025, às 10h:30 min - IC 1.15.000.001179/2025-09 (INCRA e XYZ; Audiência 06/11/2025, às 11:00h - NF 1.15.000.002379/2025-71 (ABC) e Audiência 06/11/2025, às 11:30h - IC 1.15.000.002538/2025-37 e IC 1.15.000.002129/2025-31 (CGU)",3,,2735,4,,,05/11/2025 11:29:39,,1950087
14607,Obra de reforma da fachada da PR-CE,1,,3315,1,,,24/10/2025 12:41:24,,
14606,Obra de reforma da fachada da PR-CE,7,,3315,1,,,24/10/2025 12:16:59,,
14605,Obra de reforma da fachada da PR-CE,3,,3315,1,,,24/10/2025 12:15:46,,
14585,Oitiva no interesse do PGEA nº 1.00.000.004939/2025-54,7,,328,1,,,22/10/2025 15:51:13,,1948368
14565,"Primeira reunião - Procedimento Preparatório 1.15.000.002333/2025-51
Segunda reunião - Judicial 0800744-58.2022.4.05.8101",3,,1417,4,,,22/10/2025 12:21:31,,1947955
14546,"Procedimento 1.15.000.001911/2024-51 - Interessados: 1-FUNAI, 2-Enel.",3,,269,4,,,21/10/2025 15:36:53,,1947489
14545,"Procedimento  1.15.000.000480/2025-97 - PRDC, Interessados:  1-SPU Brasília, 3-INSS Brasília, 4-Dataprev Brasília, 5-Habitafor",6,,269,10,,,21/10/2025 10:34:38,,1947126
14527,Reunião com a Corregedoria.,3,,768,15,,,16/10/2025 15:24:17,,
14526,Reunião no interesse do procedimento da BM.,3,,298,8,,,16/10/2025 10:49:11,,1945116
14525,"Reunião com ASTEF, UFC e PGM. ",3,,298,8,,,16/10/2025 10:47:18,,1945125
14505,"REUNIÃO com a Associação dos Consumidores. Audiência das instituições interessadas sobre o avanço do empreendimento de instalação do mega data center, em Caucaia/CE - IC 1.16.000.001948/2025-23. Modalidade híbrida. Sede da PR/CE, 9º andar.",3,,253,12,,,22/10/2025 11:51:00,,1944485
14485,Reunião representante INB - procedimento mina de urânio - Santa Quitéria.,3,,1417,5,,,14/10/2025 14:37:24,,1943946
14465,"REUNIÃO com a finalidade de tratar sobre o cronograma para execução da limpeza no território indígena, a ser realizada pela empresa DELFA, bem como outras articulações concernentes ao caso do IC 1.15.000.002195/2023-49. Presencial. Sala do 9º Andar.",3,,253,10,,,13/10/2025 16:48:44,,1943431
14445,REUNIÃO para tratar de assuntos relacionados ao IC 1.15.000.002195/2023-49. Presencial.,3,,253,10,13/10/2025 14:22:39,253,13/10/2025 12:23:03,,1943018
14426,"Reunião com o sr. XYZ (superintendente da SPU), nos autos de PA 1.15.000.002742/2022-13.",3,,958,7,,,10/10/2025 13:34:49,,1942314
14425,Junta Médica,5,,27,2,13/10/2025 10:08:49,27,10/10/2025 13:11:45,,1942279
14405,Junta Médica,7,,27,2,13/10/2025 10:08:25,27,10/10/2025 13:09:58,,1942276
14386,Reunião designada com o fito de instruir o IC 1.15.000.000251/2025-72. ,3,,2735,4,,,09/10/2025 15:33:41,,1941780
14385,Reunião PGR. Providenciar também microfone.,3,,768,25,,,09/10/2025 13:30:23,,1941612
